oktmo,name,year,inflow
08701000,город Хабаровск,2011,1226.0
22602000,Ардатовский муниципальный район,2011,2.0
22602000,Ардатовский муниципальный район,2011,4.0
22602000,Ардатовский муниципальный район,2011,6.0
22603000,Арзамасский муниципальный район,2011,2.0
22603000,Арзамасский муниципальный район,2011,71.0
22603000,Арзамасский муниципальный район,2011,73.0
22605000,Балахнинский муниципальный район,2011,54.0
22605000,Балахнинский муниципальный район,2011,8.0
22605000,Балахнинский муниципальный район,2011,62.0
22607000,Богородский муниципальный район,2011,43.0
22607000,Богородский муниципальный район,2011,80.0
22607000,Богородский муниципальный район,2011,123.0
22609000,Большеболдинский муниципальный район,2011,1.0
22610000,Большемурашкинский муниципальный район,2011,23.0
22610000,Большемурашкинский муниципальный район,2011,15.0
22610000,Большемурашкинский муниципальный район,2011,38.0
22612000,Бутурлинский муниципальный район,2011,9.0
22612000,Бутурлинский муниципальный район,2011,7.0
22612000,Бутурлинский муниципальный район,2011,16.0
22614000,Вадский муниципальный район,2011,1.0
22615000,Варнавинский муниципальный район,2011,4.0
22615000,Варнавинский муниципальный район,2011,7.0
22615000,Варнавинский муниципальный район,2011,11.0
22617000,Вачский муниципальный район,2011,3.0
22618000,Ветлужский муниципальный район,2011,3.0
22618000,Ветлужский муниципальный район,2011,9.0
22618000,Ветлужский муниципальный район,2011,12.0
22619000,Вознесенский муниципальный район,2011,5.0
22619000,Вознесенский муниципальный район,2011,4.0
22619000,Вознесенский муниципальный район,2011,9.0
22621000,Воротынский муниципальный район,2011,4.0
22621000,Воротынский муниципальный район,2011,1.0
22621000,Воротынский муниципальный район,2011,5.0
22622000,Воскресенский муниципальный район,2011,12.0
22622000,Воскресенский муниципальный район,2011,26.0
22622000,Воскресенский муниципальный район,2011,38.0
22626000,Гагинский муниципальный район,2011,1.0
22628000,Городецкий муниципальный район,2011,77.0
22628000,Городецкий муниципальный район,2011,33.0
22628000,Городецкий муниципальный район,2011,110.0
22630000,Дальнеконстантиновский муниципальный район,2011,2.0
22630000,Дальнеконстантиновский муниципальный район,2011,35.0
22630000,Дальнеконстантиновский муниципальный район,2011,37.0
22631000,Володарский муниципальный район,2011,30.0
22631000,Володарский муниципальный район,2011,64.0
22631000,Володарский муниципальный район,2011,94.0
22632000,Дивеевский муниципальный район,2011,18.0
22633000,Княгининский муниципальный район,2011,21.0
22633000,Княгининский муниципальный район,2011,9.0
22633000,Княгининский муниципальный район,2011,30.0
22634000,Ковернинский муниципальный район,2011,17.0
22634000,Ковернинский муниципальный район,2011,2.0
22634000,Ковернинский муниципальный район,2011,19.0
22635000,Краснобаковский муниципальный район,2011,6.0
22635000,Краснобаковский муниципальный район,2011,1.0
22635000,Краснобаковский муниципальный район,2011,7.0
22636000,Краснооктябрьский муниципальный район,2011,14.0
22637000,Кстовский муниципальный район,2011,79.0
22637000,Кстовский муниципальный район,2011,99.0
22637000,Кстовский муниципальный район,2011,178.0
22638000,Кулебакский муниципальный район (с 2016 г. городской округ г. Кулебаки),2011,3.0
22638000,Кулебакский муниципальный район (с 2016 г. городской округ г. Кулебаки),2011,2.0
22638000,Кулебакский муниципальный район (с 2016 г. городской округ г. Кулебаки),2011,5.0
22639000,Лукояновский муниципальный район,2011,6.0
22639000,Лукояновский муниципальный район,2011,7.0
22639000,Лукояновский муниципальный район,2011,13.0
22640000,Лысковский муниципальный район,2011,14.0
22640000,Лысковский муниципальный район,2011,24.0
22640000,Лысковский муниципальный район,2011,38.0
22641000,Навашинский муниципальный район (с 2016 г. городской округ Навашинский),2011,19.0
22641000,Навашинский муниципальный район (с 2016 г. городской округ Навашинский),2011,7.0
22641000,Навашинский муниципальный район (с 2016 г. городской округ Навашинский),2011,26.0
22642000,Павловский муниципальный район,2011,57.0
22642000,Павловский муниципальный район,2011,7.0
22642000,Павловский муниципальный район,2011,64.0
22644000,Перевозский муниципальный район (с 2017 г. городской округ Перевозский),2011,3.0
22645000,Пильнинский муниципальный район,2011,1.0
22645000,Пильнинский муниципальный район,2011,6.0
22645000,Пильнинский муниципальный район,2011,7.0
22646000,Починковский муниципальный район,2011,42.0
22648000,Сергачский муниципальный район,2011,14.0
22648000,Сергачский муниципальный район,2011,7.0
22648000,Сергачский муниципальный район,2011,21.0
22649000,Сеченовский муниципальный район,2011,12.0
22650000,Сосновский муниципальный район,2011,5.0
22650000,Сосновский муниципальный район,2011,47.0
22650000,Сосновский муниципальный район,2011,52.0
22652000,Тонкинский муниципальный район,2011,2.0
22652000,Тонкинский муниципальный район,2011,4.0
22653000,Тоншаевский муниципальный район,2011,7.0
22653000,Тоншаевский муниципальный район,2011,12.0
22653000,Тоншаевский муниципальный район,2011,19.0
22654000,Уренский муниципальный район,2011,10.0
22654000,Уренский муниципальный район,2011,6.0
22654000,Уренский муниципальный район,2011,16.0
22655000,Чкаловский муниципальный район (c 2016 г. городской округ г. Чкаловск),2011,4.0
22655000,Чкаловский муниципальный район (c 2016 г. городской округ г. Чкаловск),2011,2.0
22655000,Чкаловский муниципальный район (c 2016 г. городской округ г. Чкаловск),2011,6.0
22656000,Шарангский муниципальный район,2011,3.0
22656000,Шарангский муниципальный район,2011,4.0
22656000,Шарангский муниципальный район,2011,7.0
22657000,Шатковский муниципальный район,2011,2.0
22657000,Шатковский муниципальный район,2011,14.0
22657000,Шатковский муниципальный район,2011,16.0
22659000,Сокольский муниципальный район,2011,2.0
22701000,город Нижний Новгород,2011,2041.0
22703000,город Арзамас,2011,69.0
22712000,город Бор,2011,206.0
22712000,город Бор,2011,210.0
22712000,город Бор,2011,416.0
22721000,город Дзержинск,2011,648.0
22721000,город Дзержинск,2011,69.0
22721000,город Дзержинск,2011,717.0
22737000,Семеновский,2011,57.0
22737000,Семеновский,2011,16.0
22737000,Семеновский,2011,73.0
24601000,Вичугский муниципальный район,2011,8.0
24601000,Вичугский муниципальный район,2011,26.0
24601000,Вичугский муниципальный район,2011,18.0
24602000,Верхнеландеховский муниципальный район,2011,26.0
24603000,Гаврилово-Посадский муниципальный район,2011,23.0
24603000,Гаврилово-Посадский муниципальный район,2011,50.0
24603000,Гаврилово-Посадский муниципальный район,2011,27.0
24605000,Заволжский муниципальный район,2011,4.0
24605000,Заволжский муниципальный район,2011,9.0
24605000,Заволжский муниципальный район,2011,13.0
24607000,Ивановский муниципальный район,2011,63.0
24609000,Ильинский муниципальный район,2011,3.0
24611000,Кинешемский муниципальный район,2011,26.0
24611000,Кинешемский муниципальный район,2011,13.0
24611000,Кинешемский муниципальный район,2011,39.0
24613000,Комсомольский муниципальный район,2011,91.0
24613000,Комсомольский муниципальный район,2011,70.0
24613000,Комсомольский муниципальный район,2011,161.0
24614000,Лежневский муниципальный район,2011,13.0
24614000,Лежневский муниципальный район,2011,80.0
24614000,Лежневский муниципальный район,2011,93.0
24615000,Лухский муниципальный район,2011,8.0
24615000,Лухский муниципальный район,2011,2.0
24615000,Лухский муниципальный район,2011,10.0
24617000,Палехский муниципальный район,2011,1.0
24617000,Палехский муниципальный район,2011,2.0
24617000,Палехский муниципальный район,2011,3.0
24619000,Пестяковский муниципальный район,2011,4.0
24619000,Пестяковский муниципальный район,2011,13.0
24619000,Пестяковский муниципальный район,2011,17.0
24620000,Приволжский муниципальный район,2011,17.0
24620000,Приволжский муниципальный район,2011,34.0
24621000,Пучежский муниципальный район,2011,2.0
24623000,Родниковский муниципальный район,2011,19.0
24623000,Родниковский муниципальный район,2011,27.0
24623000,Родниковский муниципальный район,2011,46.0
24625000,Савинский муниципальный район,2011,2.0
24625000,Савинский муниципальный район,2011,5.0
24625000,Савинский муниципальный район,2011,7.0
24629000,Тейковский муниципальный район,2011,12.0
24629000,Тейковский муниципальный район,2011,1.0
24629000,Тейковский муниципальный район,2011,11.0
24631000,Фурмановский муниципальный район,2011,7.0
24631000,Фурмановский муниципальный район,2011,52.0
24631000,Фурмановский муниципальный район,2011,59.0
24633000,Шуйский муниципальный район,2011,56.0
24633000,Шуйский муниципальный район,2011,9.0
24633000,Шуйский муниципальный район,2011,65.0
24635000,Южский муниципальный район,2011,16.0
24635000,Южский муниципальный район,2011,24.0
24635000,Южский муниципальный район,2011,8.0
24637000,Юрьевецкий муниципальный район,2011,3.0
24701000,Иваново,2011,794.0
24703000,Вичуга,2011,54.0
24705000,Кинешма,2011,203.0
24706000,Кохма,2011,66.0
24707000,Тейково,2011,15.0
24711000,Шуя,2011,110.0
26605000,Назрановский муниципальный район,2011,57.0
26610000,Сунженский муниципальный район,2011,38.0
26615000,Малгобекский муниципальный район,2011,23.0
26620000,Джейрахский муниципальный район,2011,1.0
26701000,город Магас,2011,12.0
26706000,город Назрань,2011,80.0
26710000,город Карабулак,2011,32.0
26715000,город Малгобек,2011,20.0
41603000,Бокситогорский муниципальный район,2011,175.0
41603101,Бокситогорское,2011,46.0
41603102,Пикалёвское,2011,25.0
41603155,Ефимовское,2011,20.0
41603408,Анисимовское,2011,16.0
41603412,Большедворское,2011,14.0
41603416,Борское,2011,25.0
41603432,Заборьевское,2011,5.0
41603434,Климовское,2011,5.0
41603460,Лидское,2011,4.0
41603472,Радогощинское,2011,6.0
41603476,Самойловское,2011,9.0
41606000,Волосовский муниципальный район,2011,287.0
41606101,Волосовское,2011,34.0
41606404,Бегуницкое,2011,27.0
41606406,Беседское,2011,1.0
41606408,Рабитицкое,2011,11.0
41606412,Большеврудское,2011,17.0
41606416,Губаницкое,2011,65.0
41606418,Изварское,2011,26.0
41606420,Калитинское,2011,27.0
41606424,Каложицкое,2011,15.0
41606425,Кикеринское,2011,15.0
41606428,Сельцовское,2011,5.0
41606430,Клопицкое,2011,8.0
41606432,Курское,2011,20.0
41606436,Сабское,2011,2.0
41606444,Терпилицкое,2011,7.0
41606452,Зимитицкое,2011,7.0
41609000,Волховский муниципальный район,2011,257.0
41609101,Волховское,2011,121.0
41609104,Новоладожское,2011,20.0
41609108,Сясьстройское,2011,16.0
41609403,Вындиноостровское,2011,9.0
41609418,Иссадское,2011,9.0
41609427,Колчановское,2011,14.0
41609444,Пашское,2011,12.0
41609450,Потанинское,2011,1.0
41609453,Бережковское,2011,16.0
41609461,Селивановское,2011,8.0
41609462,Староладожское,2011,3.0
41609465,Усадищенское,2011,10.0
41609468,Хваловское,2011,3.0
41609471,Кисельнинское,2011,14.0
41609480,Свирицкое,2011,1.0
41612000,Всеволожский муниципальный район,2011,1123.0
41612101,Всеволожское,2011,445.0
41612102,Сертоловское,2011,116.0
41612154,Дубровское,2011,26.0
41612158,Кузьмоловское,2011,24.0
41612163,Морозовское,2011,12.0
41612167,Рахьинское,2011,39.0
41612168,Свердловское,2011,68.0
41612175,Токсовское,2011,33.0
41612402,Бугровское,2011,41.0
41612408,Агалатовское,2011,24.0
41612412,Заневское,2011,42.0
41612416,Колтушское,2011,69.0
41612420,Куйвозовское,2011,26.0
41612424,Лесколовское,2011,38.0
41612428,Муринское,2011,42.0
41612439,Разметелевское,2011,17.0
41612442,Романовское,2011,13.0
41612448,Щегловское,2011,14.0
41612456,Юкковское,2011,9.0
41612458,Новодевяткинское,2011,25.0
41615000,Выборгский муниципальный район,2011,262.0
41615101,Выборгское,2011,96.0
41615104,Высоцкое,2011,4.0
41615106,Каменногорское,2011,12.0
41615108,Приморское,2011,13.0
41615114,Светогорское,2011,3.0
41615158,Рощинское,2011,27.0
41615163,Советское,2011,6.0
41615436,Красносельское,2011,7.0
41615460,Первомайское,2011,36.0
41615464,Полянское,2011,29.0
41615476,Селезнёвское,2011,12.0
41615492,Гончаровское,2011,17.0
41618000,Гатчинский муниципальный район,2011,1055.0
41618101,Гатчинское,2011,301.0
41618105,Коммунарское,2011,74.0
41618154,Вырицкое,2011,51.0
41618156,Дружногорское,2011,14.0
41618169,Сиверское,2011,129.0
41618176,Таицкое,2011,42.0
41618404,Пудомягское,2011,90.0
41618408,Большеколпанское,2011,26.0
41618416,Веревское,2011,59.0
41618418,Войсковицкое,2011,23.0
41618424,Елизаветинское,2011,48.0
41618426,Кобринское,2011,26.0
41618444,Новосветское,2011,39.0
41618448,Пудостьское,2011,39.0
41618452,Рождественское,2011,40.0
41618460,Сусанинское,2011,37.0
41618461,Сяськелевское,2011,17.0
41621000,Кингисеппский муниципальный район,2011,612.0
41621101,Кингисеппское,2011,126.0
41621102,Ивангородское,2011,269.0
41621404,Большелуцкое,2011,92.0
41621412,Фалилеевское,2011,15.0
41621420,Котельское,2011,22.0
41621428,Усть-Лужское,2011,22.0
41621432,Кузёмкинское,2011,20.0
41621440,Нежновское,2011,7.0
41621444,Опольевское,2011,13.0
41621448,Пустомержское,2011,10.0
41621452,Вистинское,2011,16.0
41624000,Киришский муниципальный район,2011,511.0
41624101,Киришское,2011,434.0
41624152,Будогощское,2011,32.0
41624412,Глажевское,2011,13.0
41624423,Кусинское,2011,2.0
41624427,Пчевжинское,2011,26.0
41624428,Пчевское,2011,4.0
41625000,Кировский муниципальный район,2011,573.0
41625101,Кировское,2011,78.0
41625102,Шлиссельбургское,2011,76.0
41625104,Отрадненское,2011,263.0
41625154,Мгинское,2011,68.0
41625156,Назиевское,2011,30.0
41625158,Павловское,2011,17.0
41625160,Приладожское,2011,4.0
41625163,Синявинское,2011,10.0
41625440,Путиловское,2011,8.0
41625445,Суховское,2011,3.0
41625450,Шумское,2011,16.0
41627000,Лодейнопольский муниципальный район,2011,50.0
41627101,Лодейнопольское,2011,32.0
41627404,Алёховщинское,2011,8.0
41627410,Доможировское,2011,10.0
41630000,Ломоносовский муниципальный район,2011,162.0
41630154,Большеижорское,2011,6.0
41630162,Лебяженское,2011,8.0
41630404,Аннинское,2011,15.0
41630408,Низинское,2011,9.0
41630412,Пениковское,2011,39.0
41630416,Виллозское,2011,3.0
41630420,Гостилицкое,2011,8.0
41630424,Горбунковское,2011,19.0
41630428,Кипенское,2011,11.0
41630432,Копорское,2011,5.0
41630434,Лаголовское,2011,4.0
41630436,Лопухинское,2011,6.0
41630438,Оржицкое,2011,6.0
41630440,Ропшинское,2011,14.0
41630444,Русско-Высоцкое,2011,9.0
41633000,Лужский муниципальный район,2011,137.0
41633101,Лужское,2011,50.0
41633154,Толмачёвское,2011,11.0
41633408,Володарское,2011,4.0
41633416,Волошовское,2011,9.0
41633420,Дзержинское,2011,7.0
41633436,Заклинское,2011,7.0
41633440,Мшинское,2011,10.0
41633444,Оредежское,2011,8.0
41633448,Осьминское,2011,14.0
41633456,Ям-Тёсовское,2011,2.0
41633464,Серебрянское,2011,4.0
41633468,Скребловское,2011,6.0
41633478,Торковичское,2011,2.0
41633488,Ретюнское,2011,3.0
41636000,Подпорожский муниципальный район,2011,70.0
41636101,Подпорожское,2011,39.0
41636154,Важинское,2011,12.0
41636158,Вознесенское,2011,5.0
41636163,Никольское,2011,8.0
41636404,Винницкое,2011,6.0
41639000,Приозерский муниципальный район,2011,333.0
41639101,Приозерское,2011,140.0
41639154,Кузнечнинское,2011,15.0
41639404,Севастьяновское,2011,3.0
41639408,Раздольевское,2011,1.0
41639412,Громовское,2011,20.0
41639416,Запорожское,2011,3.0
41639424,Ларионовское,2011,35.0
41639428,Мельниковское,2011,5.0
41639432,Мичуринское,2011,1.0
41639434,Ромашкинское,2011,45.0
41639436,Плодовское,2011,14.0
41639440,Петровское,2011,2.0
41639444,Сосновское,2011,49.0
41642000,Сланцевский муниципальный район,2011,279.0
41642101,Сланцевское,2011,145.0
41642404,Выскатское,2011,18.0
41642408,Загривское,2011,2.0
41642420,Новосельское,2011,83.0
41642424,Гостицкое,2011,2.0
41642436,Старопольское,2011,23.0
41642440,Черновское,2011,6.0
41645000,Тихвинский муниципальный район,2011,296.0
41645101,Тихвинское,2011,205.0
41645408,Мелегежское,2011,11.0
41645410,Борское,2011,2.0
41645412,Ганьковское,2011,7.0
41645416,Горское,2011,14.0
41645432,Цвылёвское,2011,24.0
41645456,Пашозерское,2011,5.0
41645472,Коськовское,2011,8.0
41645477,Шугозерское,2011,20.0
41648000,Тосненский муниципальный район,2011,432.0
41648101,Тосненское,2011,93.0
41648105,Любанское,2011,64.0
41648108,Никольское,2011,65.0
41648154,Красноборское,2011,47.0
41648160,Рябовское,2011,13.0
41648164,Ульяновское,2011,61.0
41648170,Форносовское,2011,9.0
41648418,Нурминское,2011,8.0
41648430,Лисинское,2011,5.0
41648443,Тельмановское,2011,38.0
41648444,Трубникоборское,2011,13.0
41648452,Федоровское,2011,12.0
41648464,Шапкинское,2011,4.0
41754000,Сосновоборский,2011,213.0
46605000,Волоколамский (до 2020 г.),2011,131.0
46605100,Городские поселения Волоколамского муниципального района (до 2020 г.),2011,77.0
46605101,Волоколамск (до 2020 г.),2011,75.0
46605158,Сычево (до 2020 г.),2011,2.0
46605400,Сельские поселения Волоколамского муниципального района (до 2020 г.),2011,54.0
46605422,Кашинское (до 2020 г.),2011,9.0
46605431,Осташевское (до 2020 г.),2011,8.0
46605434,Спасское (до 2020 г.),2011,16.0
46605449,Теряевское (до 2020 г.),2011,4.0
46605461,Чисменское (до 2020 г.),2011,8.0
46605467,Ярополецкое (до 2020 г.),2011,9.0
46606000,Воскресенский (до 2020 г.),2011,480.0
46606100,Городские поселения Воскресенского муниципального района (до 2020 г.),2011,390.0
46606101,Воскресенск (до 2020 г.),2011,313.0
46606154,Белоозерский (до 2020 г.),2011,55.0
46606167,Хорлово (до 2020 г.),2011,10.0
46606180,имени Цюрупы (до 2020 г.),2011,12.0
46606400,Сельские поселения Воскресенского муниципального района (до 2020 г.),2011,90.0
46606402,Ашитковское (до 2020 г.),2011,50.0
46606413,Фединское (до 2020 г.),2011,40.0
46608000,Дмитровский (до 2019 г.),2011,899.0
46608100,Городские поселения Дмитровского муниципального района (до 2019 г.),2011,626.0
46608101,Дмитров (до 2019 г.),2011,410.0
46608105,Яхрома (до 2019 г.),2011,73.0
46608154,Деденево (до 2019 г.),2011,27.0
46608157,Икша (до 2019 г.),2011,75.0
46608163,Некрасовский (до 2019 г.),2011,41.0
46608400,Сельские поселения Дмитровского муниципального района (до 2019 г.),2011,273.0
46608407,Большерогачевское (до 2019 г.),2011,43.0
46608413,Габовское (до 2019 г.),2011,40.0
46608431,Костинское (до 2019 г.),2011,35.0
46608437,Куликовское (до 2019 г.),2011,30.0
46608461,Синьковское (до 2019 г.),2011,98.0
46608470,Якотское (до 2019 г.),2011,27.0
46612000,Егорьевский (до 2016 г.),2011,223.0
46612100,Городские поселения Егорьевского муниципального района (до 2016 г.),2011,177.0
46612101,Егорьевск (до 2016 г.),2011,174.0
46612160,Рязановский (до 2016 г.),2011,3.0
46612400,Сельские поселения Егорьевского муниципального района (до 2016 г.),2011,46.0
46612434,Юрцовское (до 2016 г.),2011,14.0
46612440,Раменское (Егорьевского муниципального района) (до 2016 г.),2011,10.0
46612443,Саввинское (до 2016 г.),2011,22.0
46615000,ND,2011,188.0
46615100,ND,2011,160.0
46615101,Сергиев Посад (до 2020 г.),2011,81.0
46615103,Краснозаводск (до 2020 г.),2011,32.0
46615105,Пересвет (до 2020 г.),2011,3.0
46615106,Хотьково (до 2020 г.),2011,27.0
46615153,Богородское (до 2020 г.),2011,12.0
46615161,Скоропусковский (до 2020 г.),2011,5.0
46615400,ND,2011,28.0
46615406,Березняковское (до 2020 г.),2011,4.0
46615413,ND,2011,3.0
46615446,Реммаш (до 2020 г.),2011,4.0
46615452,Селковское (до 2020 г.),2011,8.0
46615458,Лозовское (до 2020 г.),2011,2.0
46615461,Шеметовское (до 2020 г.),2011,7.0
46616000,Зарайский (до 2020 г.),2011,63.0
46616100,Городские поселения Зарайского муниципального района,2011,20.0
46616101,Зарайск (до 2018 г.),2011,20.0
46616400,Сельские поселения Зарайского муниципального района,2011,43.0
46616408,Гололобовское,2011,14.0
46616416,Каринское,2011,8.0
46616428,Машоновское,2011,11.0
46616437,Струпненское,2011,10.0
46618000,Истринский,2011,182.0
46618100,Городские поселения Истринского муниципального района,2011,81.0
46618101,Истра (до 2018 г.),2011,52.0
46618103,Дедовск,2011,27.0
46618156,Снегири,2011,2.0
46618400,Сельские поселения Истринского муниципального района,2011,101.0
46618402,Бужаровское,2011,5.0
46618404,Букаревское,2011,22.0
46618413,Ермолинское (Истринского муниципального района),2011,4.0
46618416,Ивановское (Истринского муниципального района),2011,5.0
46618419,Костровское,2011,7.0
46618425,Лучинское,2011,24.0
46618428,Новопетровское,2011,12.0
46618431,Обушковское,2011,1.0
46618434,Онуфриевское,2011,3.0
46618437,ND,2011,14.0
46618443,Ядроминское,2011,4.0
46620000,Каширский (до 2016 г.),2011,240.0
46620100,Городские поселения Каширского муниципального района (до 2016 г.),2011,157.0
46620101,Кашира (до 2016 г.),2011,98.0
46620104,Ожерелье (до 2016 г.),2011,59.0
46620400,Сельские поселения Каширского муниципального района (до 2016 г.),2011,83.0
46620402,Базаровское (до 2016 г.),2011,30.0
46620407,Домнинское (до 2016 г.),2011,16.0
46620410,Знаменское (до 2016 г.),2011,2.0
46620413,Колтовское (до 2016 г.),2011,18.0
46620419,Топкановское (до 2016 г.),2011,17.0
46621000,Клинский,2011,632.0
46621100,Городские поселения Клинского муниципального района,2011,506.0
46621101,Клин (до 2019 г.),2011,443.0
46621103,Высоковск,2011,45.0
46621154,Решетниково,2011,18.0
46621400,Сельские поселения Клинского муниципального района,2011,126.0
46621407,Воздвиженское,2011,15.0
46621410,Воронинское,2011,31.0
46621416,Зубовское,2011,38.0
46621434,Нудольское,2011,33.0
46621437,Петровское,2011,9.0
46622000,Коломенский (до 2018 г.),2011,728.0
46622100,Городские поселения Коломенского муниципального района,2011,9.0
46622154,Пески,2011,9.0
46622400,Сельские поселения Коломенского муниципального района,2011,719.0
46622402,Акатьевское,2011,133.0
46622404,Биорковское,2011,156.0
46622416,Заруденское,2011,70.0
46622419,Непецинское,2011,220.0
46622422,Радужное,2011,34.0
46622425,Пестриковское,2011,63.0
46622431,Проводниковское,2011,33.0
46622434,Хорошовское,2011,10.0
46623000,Красногорский,2011,724.0
46623100,Городские поселения Красногорского муниципального района,2011,614.0
46623101,Красногорск (до 2018 г.),2011,496.0
46623154,Нахабино,2011,118.0
46623400,Сельские поселения Красногорского муниципального района,2011,110.0
46623404,Ильинское (Красногорского муниципального района),2011,55.0
46623407,Отрадненское,2011,55.0
46628000,Ленинский (до 2021 г.),2011,407.0
46628100,Городские поселения Ленинского муниципального района,2011,213.0
46628101,Видное,2011,165.0
46628105,Московский,2011,28.0
46628155,Горки Ленинские,2011,20.0
46628400,Сельские поселения Ленинского муниципального района,2011,194.0
46628402,Булатниковское,2011,14.0
46628407,Володарское,2011,20.0
46628408,Воскресенское,2011,28.0
46628409,Мосрентген,2011,28.0
46628411,Совхоз имени Ленина,2011,5.0
46628413,Десеновское,2011,9.0
46628416,Развилковское,2011,46.0
46628422,Молоковское,2011,8.0
46628426,Сосенское,2011,31.0
46628431,Филимонковское,2011,5.0
46629000,Лотошинский,2011,61.0
46629100,Городские поселения Лотошинского муниципального района,2011,35.0
46629151,Лотошино (до 2020 г.),2011,35.0
46629400,Сельские поселения Лотошинского муниципального района,2011,26.0
46629416,Микулинское,2011,11.0
46629428,Ошейкинское,2011,15.0
46630000,Луховицкий,2011,109.0
46630100,Городские поселения Луховицкого муниципального района,2011,58.0
46630101,Луховицы (до 2018 г.),2011,47.0
46630153,Белоомут,2011,11.0
46630400,Сельские поселения Луховицкого муниципального района,2011,51.0
46630407,Астаповское,2011,4.0
46630413,Газопроводское,2011,5.0
46630416,Головачевское,2011,7.0
46630425,Дединовское,2011,16.0
46630431,Краснопоймовское,2011,2.0
46630452,Фруктовское,2011,17.0
46631000,Люберецкий,2011,1416.0
46631100,Городские поселения Люберецкого муниципального района,2011,1416.0
46631101,Люберцы (до 2018 г.),2011,942.0
46631165,Красково,2011,115.0
46631167,Малаховка,2011,144.0
46631170,Октябрьский,2011,115.0
46631173,Томилино,2011,100.0
46633000,Можайский (до 2019 г.),2011,259.0
46633100,Городские поселения Можайского муниципального района (до 2019 г.),2011,149.0
46633101,Можайск (до 2019 г.),2011,134.0
46633154,Уваровка (до 2019 г.),2011,15.0
46633400,Сельские поселения Можайского муниципального района (до 2019 г.),2011,110.0
46633402,Борисовское (до 2019 г.),2011,2.0
46633404,Бородинское (до 2019 г.),2011,15.0
46633410,Горетовское (до 2019 г.),2011,3.0
46633416,Дровнинский (до 2019 г.),2011,6.0
46633419,Замошинское (до 2019 г.),2011,17.0
46633422,Клементьевское (до 2019 г.),2011,13.0
46633425,Спутник (до 2019 г.),2011,12.0
46633437,Порецкое (до 2019 г.),2011,18.0
46633449,Юрловское (до 2019 г.),2011,24.0
46634000,Мытищинский (до 2016 г.),2011,685.0
46634100,Городские поселения Мытищинского муниципального района (до 2016 г.),2011,660.0
46634101,Мытищи (до 2016 г.),2011,631.0
46634162,Пироговский (до 2016 г.),2011,29.0
46634400,Сельские поселения Мытищинского муниципального района (до 2016 г.),2011,25.0
46634422,Федоскинское (до 2016 г.),2011,25.0
46638000,ND,2011,506.0
46638100,ND,2011,382.0
46638101,ND,2011,131.0
46638102,Апрелевка (до 2018 г.),2011,131.0
46638105,Верея (до 2018 г.),2011,14.0
46638155,Калининец (до 2018 г.),2011,51.0
46638158,Киевский (до 2018 г.),2011,13.0
46638160,Кокошкино (до 2018 г.),2011,18.0
46638168,Селятино (до 2018 г.),2011,24.0
46638400,ND,2011,124.0
46638404,Атепцевское (до 2018 г.),2011,14.0
46638407,Волченковское (до 2018 г.),2011,7.0
46638410,Веселевское (до 2018 г.),2011,11.0
46638422,Марушкинское (до 2018 г.),2011,32.0
46638428,Новофедоровское (до 2018 г.),2011,19.0
46638431,Первомайское (до 2018 г.),2011,32.0
46638440,Ташировское (до 2018 г.),2011,9.0
46639000,Ногинский,2011,1000.0
46639100,Городские поселения Ногинского муниципального района,2011,839.0
46639101,Ногинск (до 2019 г.),2011,531.0
46639103,Старая Купавна,2011,111.0
46639105,Электроугли,2011,104.0
46639154,имени Воровского,2011,25.0
46639158,Обухово,2011,68.0
46639400,Сельские поселения Ногинского муниципального района,2011,161.0
46639402,ND,2011,75.0
46639407,Буньковское,2011,22.0
46639416,Мамонтовское,2011,20.0
46639422,Степановское,2011,26.0
46639428,Ямкинское,2011,18.0
46641000,Одинцовский (до 2020 г.),2011,165.0
46641100,Городские поселения Одинцовского муниципального района (до 2020 г.),2011,136.0
46641101,Одинцово (до 2020 г.),2011,39.0
46641104,Голицыно (до 2020 г.),2011,7.0
46641110,Кубинка (до 2020 г.),2011,9.0
46641152,Большие Вяземы (до 2020 г.),2011,3.0
46641157,Заречье (до 2020 г.),2011,1.0
46641160,Лесной Городок (до 2020 г.),2011,77.0
46641400,Сельские поселения Одинцовского муниципального района (до 2020 г.),2011,29.0
46641404,Барвихинское (до 2020 г.),2011,2.0
46641413,Горское (Одинцовского муниципального района) (до 2020 г.),2011,3.0
46641425,Захаровское (до 2020 г.),2011,6.0
46641440,Назарьевское (до 2020 г.),2011,1.0
46641449,Никольское (до 2020 г.),2011,1.0
46641461,Успенское (Одинцовского муниципального района) (до 2020 г.),2011,6.0
46641464,Часцовское (до 2020 г.),2011,5.0
46641470,Жаворонковское (до 2020 г.),2011,5.0
46642000,Озерский (до 2016 г.),2011,147.0
46642100,Городские поселения Озерского муниципального района (до 2016 г.),2011,100.0
46642101,Озеры (до 2016 г.),2011,100.0
46642400,Сельские поселения Озерского муниципального района (до 2016 г.),2011,47.0
46642402,Бояркинское (до 2016 г.),2011,21.0
46642410,Клишинское (до 2016 г.),2011,26.0
46643000,ND,2011,750.0
46643100,ND,2011,205.0
46643104,Дрезна,2011,31.0
46643108,Куровское,2011,122.0
46643113,ND,2011,52.0
46643400,ND,2011,545.0
46643407,Белавинское,2011,13.0
46643408,ND,2011,25.0
46643413,ND,2011,20.0
46643419,Давыдовское,2011,153.0
46643422,Демиховское,2011,2.0
46643425,ND,2011,210.0
46643431,ND,2011,33.0
46643437,Малодубенское,2011,73.0
46643443,Новинское,2011,13.0
46643446,Соболевское,2011,3.0
46645000,ND,2011,379.0
46645100,ND,2011,303.0
46645101,Павловский Посад (до 2018 г.),2011,279.0
46645152,Большие Дворы,2011,24.0
46645400,ND,2011,76.0
46645402,Аверкиевское,2011,18.0
46645404,ND,2011,16.0
46645410,Рахмановское,2011,16.0
46645416,Улитинское,2011,26.0
46646000,Подольский (до 2016 г.),2011,187.0
46646100,Городские поселения Подольского муниципального района (до 2016 г.),2011,23.0
46646154,Львовский (до 2016 г.),2011,23.0
46646400,Сельские поселения Подольского муниципального района (до 2016 г.),2011,164.0
46646404,Вороновское (до 2016 г.),2011,12.0
46646407,Кленовское (до 2016 г.),2011,6.0
46646410,Краснопахорское (до 2016 г.),2011,15.0
46646413,Дубровицкое (до 2016 г.),2011,5.0
46646416,Лаговское (до 2016 г.),2011,23.0
46646419,ND,2011,6.0
46646422,Роговское (до 2016 г.),2011,5.0
46646425,Рязановское (до 2016 г.),2011,62.0
46646428,Стрелковское (до 2016 г.),2011,14.0
46646434,Щаповское (до 2016 г.),2011,16.0
46647000,Пушкинский (до 2020 г.),2011,262.0
46647100,Городские поселения Пушкинского муниципального района,2011,229.0
46647101,Пушкино,2011,188.0
46647152,Ашукино,2011,2.0
46647154,Зеленоградский,2011,2.0
46647156,Лесной,2011,5.0
46647158,Правдинский,2011,18.0
46647163,Софрино,2011,7.0
46647168,Черкизово,2011,7.0
46647400,Сельские поселения Пушкинского муниципального района,2011,33.0
46647437,Тарасовское,2011,16.0
46647443,Царевское,2011,17.0
46648000,Раменский (до 2020 г.),2011,997.0
46648100,Городские поселения Раменского муниципального района,2011,506.0
46648101,Раменское (Раменского муниципального района),2011,307.0
46648152,Быково,2011,35.0
46648155,Ильинский,2011,33.0
46648157,Кратово,2011,42.0
46648162,Родники,2011,39.0
46648168,Удельная,2011,50.0
46648400,Сельские поселения Раменского муниципального района,2011,491.0
46648402,Верейское (Раменского муниципального района),2011,29.0
46648407,Вялковское,2011,22.0
46648410,Ганусовское,2011,25.0
46648413,Гжельское,2011,28.0
46648422,Заболотьевское,2011,41.0
46648434,Константиновское,2011,31.0
46648443,Кузнецовское (Раменского муниципального района),2011,43.0
46648455,Никоновское,2011,28.0
46648458,Новохаритоновское,2011,35.0
46648461,Островецкое,2011,84.0
46648470,Рыболовское,2011,15.0
46648473,Сафоновское,2011,23.0
46648476,Софьинское,2011,56.0
46648488,Ульянинское,2011,4.0
46648491,Чулковское,2011,27.0
46649000,Рузский (до 2018 г.),2011,455.0
46649100,Городские поселения Рузского муниципального района (до 2018 г.),2011,235.0
46649101,Руза (до 2018 г.),2011,73.0
46649163,Тучково (до 2018 г.),2011,162.0
46649400,Сельские поселения Рузского муниципального района (до 2018 г.),2011,220.0
46649402,Колюбакинское (до 2018 г.),2011,29.0
46649404,Волковское (до 2018 г.),2011,34.0
46649407,Ивановское (Рузского муниципального района) (до 2018 г.),2011,33.0
46649428,Дороховское (Рузского муниципального района) (до 2018 г.),2011,80.0
46649431,Старорузское,2011,44.0
46650000,ND,2011,45.0
46650100,ND,2011,11.0
46650151,Серебряные Пруды (до 2016 г.),2011,11.0
46650400,ND,2011,34.0
46650409,Мочильское (до 2016 г.),2011,11.0
46650416,ND,2011,12.0
46650419,Узуновское (до 2016 г.),2011,11.0
46651000,Серпуховский,2011,106.0
46651100,Городские поселения Серпуховского муниципального района,2011,25.0
46651152,Оболенск,2011,9.0
46651154,Пролетарский,2011,16.0
46651400,Сельские поселения Серпуховского муниципального района,2011,81.0
46651407,Данковское,2011,8.0
46651410,Васильевское (Серпуховского муниципального района),2011,26.0
46651413,Дашковское,2011,16.0
46651416,Калиновское,2011,8.0
46651422,Липицкое,2011,23.0
46652000,Солнечногорский (до 2020 г.),2011,684.0
46652100,Городские поселения Солнечногорского муниципального района (до 2020 г.),2011,484.0
46652101,Солнечногорск (до 2020 г.),2011,282.0
46652153,Андреевка (до 2020 г.),2011,112.0
46652158,Менделеево (до 2020 г.),2011,24.0
46652162,Поварово (до 2020 г.),2011,33.0
46652164,Ржавки (до 2020 г.),2011,33.0
46652400,Сельские поселения Солнечногорского муниципального района (до 2020 г.),2011,200.0
46652416,Луневское (до 2020 г.),2011,67.0
46652422,Кутузовское (до 2020 г.),2011,33.0
46652425,Смирновское (до 2020 г.),2011,11.0
46652428,Кривцовское (до 2020 г.),2011,19.0
46652431,Пешковское (до 2020 г.),2011,56.0
46652446,Соколовское (до 2020 г.),2011,14.0
46653000,Ступинский,2011,132.0
46653100,Городские поселения Ступинского муниципального района,2011,118.0
46653101,Ступино (до 2018 г.),2011,52.0
46653154,Жилево,2011,19.0
46653156,Малино,2011,9.0
46653158,Михнево,2011,38.0
46653400,Сельские поселения Ступинского муниципального района,2011,14.0
46653402,Аксиньинское,2011,2.0
46653436,Семеновское,2011,12.0
46654000,Талдомский (до 2019 г.),2011,181.0
46654100,Городские поселения Талдомского муниципального района (до 2019 г.),2011,106.0
46654101,Талдом (до 2019 г.),2011,49.0
46654154,Вербилки (до 2019 г.),2011,21.0
46654158,Запрудня (до 2019 г.),2011,22.0
46654163,Северный (до 2019 г.),2011,14.0
46654400,Сельские поселения Талдомского муниципального района (до 2019 г.),2011,75.0
46654407,Гуслевское (до 2019 г.),2011,19.0
46654410,Ермолинское (Талдомского муниципального района) (до 2019 г.),2011,12.0
46654415,Квашенковское,2011,25.0
46654426,Темповое (до 2019 г.),2011,19.0
46656000,Чеховский,2011,583.0
46656100,Городские поселения Чеховского муниципального района,2011,342.0
46656101,Чехов (до 2018 г.),2011,315.0
46656155,Столбовая,2011,27.0
46656400,Сельские поселения Чеховского муниципального района,2011,241.0
46656404,Баранцевское,2011,65.0
46656416,Любучанское,2011,62.0
46656428,Стремиловское,2011,114.0
46657000,Шатурский,2011,703.0
46657100,Городские поселения Шатурского муниципального района,2011,594.0
46657101,Шатура (до 2018 г.),2011,447.0
46657163,Мишеронский,2011,56.0
46657187,Черусти,2011,91.0
46657400,Сельские поселения Шатурского муниципального района,2011,109.0
46657413,Дмитровское,2011,43.0
46657416,Кривандинское,2011,30.0
46657440,Пышлицкое,2011,14.0
46657460,Радовицкое,2011,22.0
46658000,Шаховской (до 2016 г.),2011,144.0
46658100,Городские поселения Шаховского муниципального района (до 2016 г.),2011,97.0
46658151,Шаховская (до 2016 г.),2011,97.0
46658400,Сельские поселения Шаховского муниципального района (до 2016 г.),2011,47.0
46658404,Степаньковское (до 2016 г.),2011,18.0
46658437,Раменское (Шаховского муниципального района) (до 2016 г.),2011,18.0
46658440,Серединское (до 2016 г.),2011,11.0
46659000,Щелковский (до 2020 г.),2011,460.0
46659100,Городские поселения Щелковского муниципального района (до 2020 г.),2011,375.0
46659101,Щелково (до 2020 г.),2011,276.0
46659152,Загорянский (до 2020 г.),2011,14.0
46659154,Монино (до 2020 г.),2011,32.0
46659158,Свердловский (до 2020 г.),2011,37.0
46659163,Фряново (до 2020 г.),2011,16.0
46659400,Сельские поселения Щелковского муниципального района (до 2020 г.),2011,85.0
46659402,Анискинское (до 2020 г.),2011,32.0
46659407,Гребневское (до 2020 г.),2011,1.0
46659419,ND,2011,36.0
46659422,Огудневское (до 2020 г.),2011,8.0
46659434,Трубинское (до 2020 г.),2011,8.0
46704000,Балашиха,2011,491.0
46705000,Бронницы,2011,79.0
46709000,Домодедово,2011,1044.0
46711000,Дзержинский,2011,121.0
46716000,Долгопрудный,2011,119.0
46718000,Дубна,2011,262.0
46724000,Железнодорожный (до 2016 г.),2011,546.0
46725000,Жуковский,2011,437.0
46730000,Звенигород,2011,33.0
46732000,Ивантеевка,2011,233.0
46734000,Королев,2011,722.0
46736000,Климовск (до 2016 г.),2011,97.0
46738000,Коломна,2011,665.0
46739000,Котельники,2011,125.0
46740000,Лобня,2011,384.0
46741000,Лыткарино,2011,75.0
46742000,Лосино-Петровский,2011,88.0
46743000,Красноармейск,2011,82.0
46757000,Орехово-Зуевский,2011,711.0
46760000,Подольск,2011,392.0
46762000,Пущино,2011,56.0
46764000,Реутов,2011,254.0
46765000,Рошаль,2011,83.0
46767000,Протвино,2011,108.0
46770000,Серпухов,2011,245.0
46775000,Троицк (до 2016 г.),2011,378.0
46780000,Фрязино,2011,87.0
46781000,Черноголовка,2011,47.0
46783000,Химки,2011,711.0
46789000,Щербинка (до 2016 г.),2011,224.0
46790000,Электросталь,2011,416.0
46791000,Электрогорск,2011,97.0
46793000,Юбилейный,2011,44.0
50603000,Баганский муниципальный район,2011,30.0
50603400,Сельские поселения Баганского муниципального района/,2011,30.0
50603402,Андреевский сельсовет,2011,1.0
50603404,Баганский сельсовет,2011,7.0
50603407,Лозовской сельсовет,2011,1.0
50603410,Ивановский сельсовет,2011,8.0
50603413,Казанский сельсовет,2011,7.0
50603414,Кузнецовский сельсовет,2011,1.0
50603416,Мироновский сельсовет,2011,2.0
50603418,Палецкий сельсовет,2011,2.0
50603422,Савкинский сельсовет,2011,1.0
50604000,Барабинский муниципальный район,2011,51.0
50604100,Городские поселения Барабинского муниципального района/,2011,45.0
50604101,город Барабинск,2011,45.0
50604400,Сельские поселения Барабинского муниципального района/,2011,6.0
50604404,Козловский сельсовет,2011,1.0
50604406,Межозерный сельсовет,2011,1.0
50604413,Новочановский сельсовет,2011,2.0
50604419,Таскаевский сельсовет,2011,1.0
50604425,Щербаковский сельсовет,2011,1.0
50606000,Болотнинский муниципальный район,2011,56.0
50606100,Городские поселения Болотнинского муниципального района/,2011,30.0
50606101,город Болотное,2011,30.0
50606400,Сельские поселения Болотнинского муниципального района/,2011,26.0
50606404,Байкальский сельсовет,2011,3.0
50606407,Боровской сельсовет,2011,3.0
50606410,Варламовский сельсовет,2011,4.0
50606413,Дивинский сельсовет,2011,7.0
50606416,Егоровский сельсовет,2011,2.0
50606419,Зудовский сельсовет,2011,1.0
50606425,Корниловский сельсовет,2011,1.0
50606443,Светлополянский сельсовет,2011,5.0
50608000,Венгеровский муниципальный район,2011,38.0
50608400,Сельские поселения Венгеровского муниципального района/,2011,38.0
50608402,Венгеровский сельсовет,2011,13.0
50608425,Петропавловский 1-й сельсовет,2011,9.0
50608431,Сибирцевский 1-й сельсовет,2011,3.0
50608434,Сибирцевский 2-й сельсовет,2011,11.0
50608437,Тартасский сельсовет,2011,1.0
50608440,Туруновский сельсовет,2011,1.0
50610000,Доволенский муниципальный район,2011,19.0
50610400,Сельские поселения Доволенского муниципального района/,2011,19.0
50610402,Баклушевский сельсовет,2011,2.0
50610404,Волчанский сельсовет,2011,1.0
50610407,Доволенский сельсовет,2011,8.0
50610416,Комарьевский сельсовет,2011,1.0
50610425,Суздальский сельсовет,2011,6.0
50610431,Утянский сельсовет,2011,1.0
50613000,Здвинский муниципальный район,2011,7.0
50613400,Сельские поселения Здвинского муниципального района/,2011,7.0
50613401,Алексеевский сельсовет,2011,2.0
50613413,Нижнечулымский сельсовет,2011,3.0
50613419,Петраковский сельсовет,2011,1.0
50613425,Сарыбалыкский сельсовет,2011,1.0
50615000,Искитимский муниципальный район,2011,252.0
50615100,Городские поселения Искитимского муниципального района/,2011,16.0
50615152,рабочий поселок Линево,2011,16.0
50615400,Сельские поселения Искитимского муниципального района/,2011,236.0
50615401,Бурмистровский сельсовет,2011,8.0
50615402,Быстровский сельсовет,2011,5.0
50615404,Верх-Коенский сельсовет,2011,4.0
50615407,Гилевский сельсовет,2011,5.0
50615410,Гусельниковский сельсовет,2011,9.0
50615413,Евсинский сельсовет,2011,27.0
50615415,Листвянский сельсовет,2011,11.0
50615416,Легостаевский сельсовет,2011,5.0
50615417,Мичуринский сельсовет,2011,80.0
50615418,Морозовский сельсовет,2011,4.0
50615419,Преображенский сельсовет,2011,10.0
50615420,Промышленный сельсовет,2011,18.0
50615422,Совхозный сельсовет,2011,10.0
50615428,Тальменский сельсовет,2011,20.0
50615431,Улыбинский сельсовет,2011,11.0
50615437,Чернореченский сельсовет,2011,8.0
50615440,Шибковский сельсовет,2011,1.0
50617000,Карасукский муниципальный район,2011,75.0
50617100,Городские поселения Карасукского муниципального района/,2011,37.0
50617101,город Карасук,2011,37.0
50617400,Сельские поселения Карасукского муниципального района/,2011,38.0
50617404,Благодатский сельсовет,2011,2.0
50617406,Знаменский сельсовет,2011,1.0
50617410,Калиновский сельсовет,2011,1.0
50617413,Михайловский сельсовет,2011,4.0
50617416,Октябрьский сельсовет,2011,8.0
50617419,Студеновский сельсовет,2011,5.0
50617422,Троицкий сельсовет,2011,13.0
50617425,Хорошинский сельсовет,2011,1.0
50617428,Чернокурьинский сельсовет,2011,3.0
50619000,Каргатский муниципальный район,2011,17.0
50619100,Городские поселения Каргатского муниципального района/,2011,13.0
50619101,город Каргат,2011,13.0
50619400,Сельские поселения Каргатского муниципального района/,2011,4.0
50619407,Верх-Каргатский сельсовет,2011,1.0
50619413,Кубанский сельсовет,2011,2.0
50619419,Мусинский сельсовет,2011,1.0
50621000,Колыванский муниципальный район,2011,41.0
50621100,Городские поселения Колыванского муниципального района/,2011,19.0
50621151,рабочий поселок Колывань,2011,19.0
50621400,Сельские поселения Колыванского муниципального района/,2011,22.0
50621402,Вьюнский сельсовет,2011,10.0
50621407,Кандауровский сельсовет,2011,1.0
50621413,Новотроицкий сельсовет,2011,1.0
50621416,Новотырышкинский сельсовет,2011,6.0
50621428,Скалинский сельсовет,2011,2.0
50621431,Соколовский сельсовет,2011,2.0
50623000,Коченевский муниципальный район,2011,149.0
50623100,Городские поселения Коченевского муниципального района/,2011,55.0
50623151,рабочий поселок Коченево,2011,47.0
50623154,рабочий поселок Чик,2011,8.0
50623400,Сельские поселения Коченевского муниципального района/,2011,94.0
50623402,Дупленский сельсовет,2011,5.0
50623404,Краснотальский сельсовет,2011,7.0
50623413,Леснополянский сельсовет,2011,2.0
50623416,Новомихайловский сельсовет,2011,1.0
50623419,Поваренский сельсовет,2011,5.0
50623422,Прокудский сельсовет,2011,58.0
50623425,Совхозный сельсовет,2011,2.0
50623431,Целинный сельсовет,2011,5.0
50623434,Чистопольский сельсовет,2011,7.0
50623437,Шагаловский сельсовет,2011,2.0
50625000,Кочковский муниципальный район,2011,38.0
50625400,Сельские поселения Кочковского муниципального района/,2011,38.0
50625404,Ермаковский сельсовет,2011,6.0
50625407,Жуланский сельсовет,2011,2.0
50625410,Кочковский сельсовет,2011,7.0
50625411,Красносибирский сельсовет,2011,2.0
50625412,Новоцелинный сельсовет,2011,5.0
50625413,Решетовский сельсовет,2011,5.0
50625414,Новорешетовский сельсовет,2011,7.0
50625416,Троицкий сельсовет,2011,2.0
50625419,Черновский сельсовет,2011,2.0
50627000,Краснозерский муниципальный район,2011,60.0
50627100,Городские поселения Краснозерского муниципального района/,2011,16.0
50627151,рабочий поселок Краснозерское,2011,16.0
50627400,Сельские поселения Краснозерского муниципального района/,2011,44.0
50627404,Веселовский сельсовет,2011,6.0
50627407,Зубковский сельсовет,2011,5.0
50627408,Казанакский сельсовет,2011,2.0
50627409,Кайгородский сельсовет,2011,1.0
50627410,Колыбельский сельсовет,2011,3.0
50627413,Коневский сельсовет,2011,1.0
50627422,Майский сельсовет,2011,4.0
50627425,Мохнатологовский сельсовет,2011,5.0
50627428,Нижнечеремошинский сельсовет,2011,2.0
50627431,Октябрьский сельсовет,2011,1.0
50627434,Орехово-Логовской сельсовет,2011,1.0
50627437,Половинский сельсовет,2011,10.0
50627440,Полойский сельсовет,2011,1.0
50627443,Садовский сельсовет,2011,2.0
50630000,Куйбышевский муниципальный район,2011,27.0
50630100,Городские поселения Куйбышевского муниципального района/,2011,22.0
50630101,город Куйбышев,2011,22.0
50630400,Сельские поселения Куйбышевского муниципального района/,2011,5.0
50630402,Абрамовский сельсовет,2011,1.0
50630434,Октябрьский сельсовет,2011,2.0
50630440,Отрадненский сельсовет,2011,2.0
50632000,Купинский муниципальный район,2011,36.0
50632100,Городские поселения Купинского муниципального района/,2011,27.0
50632101,город Купино,2011,27.0
50632400,Сельские поселения Купинского муниципального района/,2011,9.0
50632402,Вишневский сельсовет,2011,2.0
50632419,Новоключевской сельсовет,2011,1.0
50632428,Рождественский сельсовет,2011,1.0
50632431,Сибирский сельсовет,2011,3.0
50632440,Яркульский сельсовет,2011,2.0
50634000,Кыштовский муниципальный район,2011,7.0
50634400,Сельские поселения Кыштовского муниципального района/,2011,7.0
50634413,Верх-Таркский сельсовет,2011,1.0
50634416,Ереминский сельсовет,2011,1.0
50634431,Кыштовский сельсовет,2011,5.0
50636000,Маслянинский муниципальный район,2011,43.0
50636100,Городские поселения Маслянинского муниципального района/,2011,21.0
50636151,рабочий поселок Маслянино,2011,21.0
50636400,Сельские поселения Маслянинского муниципального района/,2011,22.0
50636404,Бажинский сельсовет,2011,4.0
50636410,Большеизыракский сельсовет,2011,6.0
50636413,Борковский сельсовет,2011,2.0
50636416,Дубровский сельсовет,2011,2.0
50636419,Егорьевский сельсовет,2011,5.0
50636425,Мамоновский сельсовет,2011,2.0
50636431,Пеньковский сельсовет,2011,1.0
50638000,Мошковский муниципальный район,2011,233.0
50638100,Городские поселения Мошковского муниципального района/,2011,74.0
50638151,рабочий поселок Мошково,2011,59.0
50638154,рабочий поселок Станционно-Ояшинский,2011,15.0
50638400,Сельские поселения Мошковского муниципального района/,2011,159.0
50638402,Балтинский сельсовет,2011,2.0
50638404,Барлакский сельсовет,2011,38.0
50638407,Дубровинский сельсовет,2011,33.0
50638410,Кайлинский сельсовет,2011,8.0
50638413,Сарапульский сельсовет,2011,8.0
50638416,Новомошковский сельсовет,2011,4.0
50638419,Сокурский сельсовет,2011,43.0
50638422,Ташаринский сельсовет,2011,21.0
50638425,Широкоярский сельсовет,2011,2.0
50640000,Новосибирский муниципальный район,2011,1480.0
50640100,Городские поселения Новосибирского муниципального района/,2011,27.0
50640154,рабочий поселок Краснообск,2011,27.0
50640400,Сельские поселения Новосибирского муниципального района/,2011,1453.0
50640402,Барышевский сельсовет,2011,39.0
50640404,Березовский сельсовет,2011,5.0
50640407,Боровской сельсовет,2011,3.0
50640410,Верх-Тулинский сельсовет,2011,274.0
50640416,Каменский сельсовет,2011,48.0
50640419,Криводановский сельсовет,2011,644.0
50640422,Кубовинский сельсовет,2011,1.0
50640425,Кудряшовский сельсовет,2011,12.0
50640428,Мичуринский сельсовет,2011,25.0
50640429,Морской сельсовет,2011,5.0
50640437,Плотниковский сельсовет,2011,6.0
50640438,Раздольненский сельсовет,2011,28.0
50640440,Станционный сельсовет,2011,9.0
50640443,Толмачевский сельсовет,2011,354.0
50642000,Ордынский муниципальный район,2011,108.0
50642100,Городские поселения Ордынского муниципального района/,2011,20.0
50642151,рабочий поселок Ордынское,2011,20.0
50642400,Сельские поселения Ордынского муниципального района/,2011,88.0
50642401,Вагайцевский сельсовет,2011,18.0
50642402,Верх-Алеусский сельсовет,2011,2.0
50642404,Верх-Ирменский сельсовет,2011,11.0
50642405,Верх-Чикский сельсовет,2011,2.0
50642407,Кирзинский сельсовет,2011,7.0
50642410,Козихинский сельсовет,2011,4.0
50642413,Красноярский сельсовет,2011,4.0
50642418,Новопичуговский сельсовет,2011,4.0
50642419,Петровский сельсовет,2011,2.0
50642420,Новошарапский сельсовет,2011,3.0
50642422,Пролетарский сельсовет,2011,3.0
50642423,Рогалевский сельсовет,2011,2.0
50642425,Спиринский сельсовет,2011,3.0
50642428,Усть-Луковский сельсовет,2011,7.0
50642431,Устюжанинский сельсовет,2011,4.0
50642434,Филипповский сельсовет,2011,8.0
50642437,Чингисский сельсовет,2011,1.0
50642440,Шайдуровский сельсовет,2011,3.0
50644000,Северный муниципальный район,2011,3.0
50644400,Сельские поселения Северного муниципального района/,2011,3.0
50644407,Верх-Красноярский сельсовет,2011,1.0
50644425,Северный сельсовет,2011,2.0
50648000,Сузунский муниципальный район,2011,71.0
50648100,Городские поселения Сузунского муниципального района/,2011,22.0
50648151,рабочий поселок Сузун,2011,22.0
50648400,Сельские поселения Сузунского муниципального района/,2011,49.0
50648402,Битковский сельсовет,2011,4.0
50648404,Бобровский сельсовет,2011,5.0
50648407,Болтовский сельсовет,2011,3.0
50648410,Верх-Сузунский сельсовет,2011,7.0
50648416,Заковряжинский сельсовет,2011,7.0
50648419,Каргаполовский сельсовет,2011,2.0
50648422,Ключиковский сельсовет,2011,1.0
50648425,Малышевский сельсовет,2011,1.0
50648428,Маюровский сельсовет,2011,2.0
50648430,Меретский сельсовет,2011,4.0
50648432,Мышланский сельсовет,2011,3.0
50648434,Шайдуровский сельсовет,2011,3.0
50648437,Шарчинский сельсовет,2011,2.0
50648440,Шипуновский сельсовет,2011,5.0
50650000,Татарский муниципальный район,2011,54.0
50650100,Городские поселения Татарского муниципального района/,2011,32.0
50650101,город Татарск,2011,32.0
50650400,Сельские поселения Татарского муниципального района/,2011,22.0
50650402,Дмитриевский сельсовет,2011,4.0
50650407,Казачемысский сельсовет,2011,3.0
50650410,Киевский сельсовет,2011,1.0
50650413,Козловский сельсовет,2011,1.0
50650419,Кочневский сельсовет,2011,2.0
50650420,Красноярский сельсовет,2011,1.0
50650422,Николаевский сельсовет,2011,1.0
50650423,Неудачинский сельсовет,2011,1.0
50650425,Никулинский сельсовет,2011,1.0
50650431,Новопокровский сельсовет,2011,1.0
50650433,Новотроицкий сельсовет,2011,1.0
50650437,Северотатарский сельсовет,2011,5.0
50652000,Тогучинский муниципальный район,2011,90.0
50652100,Городские поселения Тогучинского муниципального района/,2011,54.0
50652101,город Тогучин,2011,36.0
50652153,рабочий поселок Горный,2011,18.0
50652400,Сельские поселения Тогучинского муниципального района/,2011,36.0
50652404,Буготакский сельсовет,2011,6.0
50652407,Вассинский сельсовет,2011,3.0
50652410,Гутовский сельсовет,2011,2.0
50652413,Завьяловский сельсовет,2011,1.0
50652416,Заречный сельсовет,2011,2.0
50652425,Кировский сельсовет,2011,6.0
50652428,Коуракский сельсовет,2011,1.0
50652431,Кудельно-Ключевской сельсовет,2011,1.0
50652435,Лебедевский сельсовет,2011,4.0
50652437,Мирновский сельсовет,2011,4.0
50652438,Репьевский сельсовет,2011,1.0
50652439,Нечаевский сельсовет,2011,1.0
50652441,Степногутовский сельсовет,2011,1.0
50652446,Усть-Каменский сельсовет,2011,1.0
50652452,Шахтинский сельсовет,2011,2.0
50654000,Убинский муниципальный район,2011,13.0
50654400,Сельские поселения Убинского муниципального района/,2011,13.0
50654407,Ермолаевский сельсовет,2011,1.0
50654410,Кожурлинский сельсовет,2011,2.0
50654425,Невский сельсовет,2011,1.0
50654434,Раисинский сельсовет,2011,4.0
50654440,Убинский сельсовет,2011,5.0
50655000,Усть-Таркский муниципальный район,2011,15.0
50655400,Сельские поселения Усть-Таркского муниципального района/,2011,15.0
50655404,Еланский сельсовет,2011,1.0
50655410,Козинский сельсовет,2011,4.0
50655422,Побединский сельсовет,2011,1.0
50655425,Усть-Таркский сельсовет,2011,7.0
50655427,Щербаковский сельсовет,2011,2.0
50656000,Чановский муниципальный район,2011,22.0
50656100,Городские поселения Чановского муниципального района/,2011,9.0
50656151,рабочий поселок Чаны,2011,9.0
50656400,Сельские поселения Чановского муниципального района/,2011,13.0
50656402,Блюдчанский сельсовет,2011,1.0
50656407,Красносельский сельсовет,2011,1.0
50656412,Новопреображенский сельсовет,2011,3.0
50656413,Озеро-Карачинский сельсовет,2011,2.0
50656416,Отреченский сельсовет,2011,1.0
50656422,Покровский сельсовет,2011,1.0
50656428,Старокарачинский сельсовет,2011,3.0
50656434,Щегловский сельсовет,2011,1.0
50657000,Черепановский муниципальный район,2011,121.0
50657100,Городские поселения Черепановского муниципального района/,2011,67.0
50657101,город Черепаново,2011,62.0
50657154,рабочий поселок Дорогино,2011,3.0
50657163,рабочий поселок Посевная,2011,2.0
50657400,Сельские поселения Черепановского муниципального района/,2011,54.0
50657402,Безменовский сельсовет,2011,1.0
50657404,Бочкаревский сельсовет,2011,1.0
50657407,Верх-Мильтюшинский сельсовет,2011,4.0
50657409,Искровский сельсовет,2011,12.0
50657410,Карасевский сельсовет,2011,3.0
50657413,Майский сельсовет,2011,13.0
50657416,Медведский сельсовет,2011,2.0
50657419,Огнево-Заимковский сельсовет,2011,13.0
50657422,Пятилетский сельсовет,2011,3.0
50657425,Татарский сельсовет,2011,1.0
50657428,Шурыгинский сельсовет,2011,1.0
50658000,Чистоозерный муниципальный район,2011,10.0
50658100,Городские поселения Чистоозерного муниципального района/,2011,4.0
50658151,рабочий поселок Чистоозерное,2011,4.0
50658400,Сельские поселения Чистоозерного муниципального района/,2011,6.0
50658410,Новокрасненский сельсовет,2011,2.0
50658416,Ольгинский сельсовет,2011,3.0
50658419,Павловский сельсовет,2011,1.0
50659000,Чулымский муниципальный район,2011,27.0
50659100,Городские поселения Чулымского муниципального района/,2011,18.0
50659101,город Чулым,2011,18.0
50659400,Сельские поселения Чулымского муниципального района/,2011,9.0
50659402,Базовский сельсовет,2011,1.0
50659407,Воздвиженский сельсовет,2011,2.0
50659413,Кабинетный сельсовет,2011,2.0
50659416,Каякский сельсовет,2011,1.0
50659419,Кокошинский сельсовет,2011,3.0
50701000,город Новосибирск,2011,9640.0
50708000,город Бердск,2011,604.0
50712000,город Искитим,2011,146.0
50717000,город Обь,2011,174.0
50740000,рабочий поселок Кольцово,2011,54.0
57604000,Бардымский муниципальный район,2011,119.0
57604403,Тюндюковское,2011,21.0
57604407,Бардымское,2011,35.0
57604410,Березниковское,2011,6.0
57604416,Брюзлинское,2011,1.0
57604419,Елпачихинское,2011,7.0
57604425,Красноярское,2011,11.0
57604431,Новоашапское,2011,2.0
57604437,Печменское,2011,29.0
57604440,Сарашевское,2011,1.0
57604441,Федорковское,2011,6.0
57605000,Александровский муниципальный район,2011,69.0
57605105,Александровское,2011,49.0
57605154,ND,2011,3.0
57605158,Яйвинское,2011,14.0
57605401,Скопкортненское,2011,3.0
57606000,Березовский муниципальный район,2011,6.0
57606402,Асовское,2011,2.0
57606404,Березовское,2011,1.0
57606413,Заборьинское,2011,1.0
57606432,Сосновский,2011,2.0
57608000,Большесосновский муниципальный район,2011,33.0
57608407,Большесосновское,2011,19.0
57608410,Кленовское,2011,1.0
57608413,Левинское,2011,1.0
57608428,Петропавловское.,2011,5.0
57608431,Полозовское,2011,4.0
57608440,Черновское,2011,3.0
57612000,Верещагинский муниципальный район,2011,47.0
57612101,Верещагинское,2011,34.0
57612407,Вознесенское,2011,3.0
57612409,Зюкайское,2011,8.0
57612425,Путинское,2011,1.0
57612428,Сепычевское,2011,1.0
57614000,Горнозаводский муниципальный район,2011,34.0
57614101,Горнозаводское,2011,11.0
57614401,Бисерское,2011,2.0
57614402,ND,2011,7.0
57614403,Медведкинское,2011,10.0
57614404,Пашийское,2011,3.0
57614406,Теплогорское,2011,1.0
57615000,Гремячинский муниципальный район,2011,3.0
57615101,Гремячинское.,2011,3.0
57616000,Добрянский муниципальный район,2011,113.0
57616101,Добрянское,2011,77.0
57616157,Полазненское,2011,10.0
57616403,Вильвенское,2011,2.0
57616404,Висимское,2011,8.0
57616406,Дивьинское,2011,11.0
57616411,Краснослудское,2011,1.0
57616425,Перемское,2011,2.0
57616428,Сенькинское,2011,2.0
57617000,Губахинский муниципальный район,2011,27.0
57617101,Губахинское,2011,25.0
57617156,ND,2011,2.0
57618000,Еловский муниципальный район,2011,2.0
57618407,Еловское,2011,2.0
57620000,Ильинский муниципальный район,2011,32.0
57620104,Чермозское,2011,9.0
57620402,Васильевское,2011,3.0
57620406,Ильинское,2011,14.0
57620434,Сретенское,2011,6.0
57622000,Карагайский муниципальный район,2011,276.0
57622410,Карагайское,2011,83.0
57622413,Козьмодемьяновское,2011,12.0
57622416,Менделеевское,2011,174.0
57622419,Нердвинское,2011,1.0
57622422,Никольское,2011,2.0
57622434,Рождественское.,2011,4.0
57623000,Кизеловский муниципальный район,2011,14.0
57623101,Кизеловское,2011,14.0
57624000,Кишертский муниципальный район,2011,15.0
57624402,Андреевское.,2011,3.0
57624405,Кордонское,2011,2.0
57624413,Осинцевское,2011,3.0
57624419,Посадское,2011,2.0
57624428,ND,2011,5.0
57626000,Красновишерский муниципальный район,2011,55.0
57626101,Красновишерское,2011,51.0
57626413,ND,2011,3.0
57626440,ND,2011,1.0
57627000,Краснокамский муниципальный район,2011,244.0
57627101,Краснокамское,2011,235.0
57627154,Оверятское,2011,6.0
57627405,Майское,2011,3.0
57628000,Куединский муниципальный район,2011,24.0
57628413,Большекустовское,2011,1.0
57628426,Куединское,2011,20.0
57628449,Шагиртское,2011,3.0
57630000,Кунгурский муниципальный район,2011,147.0
57630404,Бырминское,2011,3.0
57630407,Голдыревское,2011,7.0
57630410,Ергачинское,2011,21.0
57630416,Зарубинское,2011,4.0
57630428,Калининское,2011,8.0
57630429,Комсомольское,2011,1.0
57630434,Ленское,2011,47.0
57630438,Моховское,2011,2.0
57630443,Неволинское,2011,1.0
57630446,Плехановское,2011,7.0
57630449,Сергинское,2011,2.0
57630458,Троельжанское,2011,7.0
57630461,ND,2011,2.0
57630464,Филипповское,2011,29.0
57630465,Шадейское,2011,6.0
57632000,Лысьвенский муниципальный район,2011,47.0
57632101,Лысьвенское,2011,40.0
57632404,Кормовищенское,2011,2.0
57632409,Кыновское,2011,1.0
57632411,Новорождественское,2011,4.0
57634000,Нытвенский муниципальный район,2011,40.0
57634101,Нытвенское,2011,30.0
57634153,Новоильинское,2011,3.0
57634157,Уральское.,2011,5.0
57634404,Григорьевское,2011,1.0
57634407,Постаноговское,2011,1.0
57636000,Октябрьский муниципальный район,2011,12.0
57636151,Октябрьское,2011,4.0
57636156,Сарсинское,2011,3.0
57636404,Басинское,2011,1.0
57636413,Богородское,2011,1.0
57636422,Енапаевское,2011,1.0
57636425,ND,2011,1.0
57636443,ND,2011,1.0
57638000,Ординский муниципальный район,2011,6.0
57638413,Карьевское,2011,2.0
57638422,Медянское,2011,2.0
57638428,Ординское,2011,2.0
57640000,Осинский муниципальный район,2011,59.0
57640101,Осинское,2011,36.0
57640404,Верхнедавыдовское,2011,2.0
57640413,Горское,2011,1.0
57640419,Комаровское,2011,15.0
57640422,Крыловское,2011,2.0
57640428,Новозалесновское,2011,3.0
57642000,Оханский муниципальный район,2011,17.0
57642101,Оханское,2011,10.0
57642414,Казанское,2011,2.0
57642417,Острожское,2011,1.0
57642420,Тулумбаихинское,2011,1.0
57642425,Таборское,2011,3.0
57644000,Очерский муниципальный район,2011,28.0
57644101,Очерское,2011,20.0
57644154,Павловское.,2011,4.0
57644407,Кипринское,2011,1.0
57644419,Нововознесенское,2011,2.0
57644425,Спешковское,2011,1.0
57646000,Пермский муниципальный район,2011,149.0
57646402,Бершетское,2011,3.0
57646405,Двуреченское,2011,3.0
57646407,Заболотское,2011,10.0
57646409,Кондратовское,2011,11.0
57646412,Кукуштанское,2011,10.0
57646413,Култаевское,2011,35.0
57646419,Лобановское,2011,13.0
57646428,Мулянское,2011,3.0
57646440,Пальниковское,2011,4.0
57646443,Платошинское,2011,4.0
57646448,Савинское,2011,22.0
57646451,Соколовское,2011,3.0
57646453,Сылвенское,2011,4.0
57646458,ND,2011,3.0
57646461,Фроловское,2011,11.0
57646470,Юговское,2011,2.0
57646472,ND,2011,8.0
57648000,Сивинский муниципальный район,2011,14.0
57648402,Бубинское,2011,2.0
57648404,Екатерининское,2011,1.0
57648430,Северокоммунарское,2011,3.0
57648434,Сивинское,2011,8.0
57650000,Соликамский муниципальный район,2011,26.0
57650416,Касибское,2011,2.0
57650419,Краснобережское,2011,2.0
57650428,Половодовское,2011,8.0
57650431,Тохтуевское,2011,5.0
57650432,Тюлькинское,2011,5.0
57650440,Басимское,2011,3.0
57650443,Родниковское,2011,1.0
57651000,Суксунский муниципальный район,2011,9.0
57651151,Суксунское,2011,2.0
57651410,Киселевское,2011,7.0
57653000,Усольский муниципальный район,2011,10.0
57653101,Усольское,2011,7.0
57653412,Орлинское,2011,1.0
57653422,Пыскорское,2011,1.0
57653432,Троицкое,2011,1.0
57654000,Чайковский муниципальный район,2011,126.0
57654101,Чайковское,2011,66.0
57654402,Альняшинское,2011,15.0
57654404,Большебукорское,2011,1.0
57654413,Зипуновское,2011,1.0
57654414,Марковское,2011,19.0
57654416,Ольховское,2011,5.0
57654419,Сосновское,2011,9.0
57654425,Уральское,2011,1.0
57654428,Фокинское,2011,9.0
57655000,Частинский муниципальный район,2011,19.0
57655402,Бабкинское,2011,3.0
57655416,Ножовское,2011,3.0
57655425,Частинское,2011,11.0
57655428,Шабуровское,2011,2.0
57656000,Чердынский муниципальный район,2011,8.0
57656157,Ныробское,2011,1.0
57656407,Вильгортское,2011,1.0
57656424,Керчевское,2011,1.0
57656446,Рябининское,2011,3.0
57656452,ND,2011,2.0
57657000,Чернушинский муниципальный район,2011,70.0
57657101,Чернушинское,2011,44.0
57657404,Ананьинское,2011,1.0
57657410,Бедряжинское,2011,2.0
57657413,Бродовское,2011,4.0
57657416,Деменевское,2011,5.0
57657425,Етышинское,2011,1.0
57657431,Калиновское,2011,1.0
57657436,Павловское,2011,2.0
57657437,Рябковское,2011,2.0
57657439,Слудовское,2011,1.0
57657440,Сульмашинское,2011,2.0
57657443,Таушинское,2011,3.0
57657446,Труновское,2011,2.0
57658000,Чусовской муниципальный район,2011,75.0
57658101,Чусовское,2011,59.0
57658402,Верхнекалинское,2011,1.0
57658410,Никифоровское,2011,3.0
57658454,Верхнечусовское Городковское,2011,2.0
57658456,Калинское,2011,7.0
57658458,Комарихинское,2011,3.0
57701000,Пермский,2011,2216.0
57708000,город Березники,2011,172.0
57722000,Городской округ город Кунгур,2011,149.0
57730000,Соликамский,2011,85.0
57817000,Косинский муниципальный район,2011,2.0
57817404,Косинское,2011,2.0
57819000,Кочевский муниципальный район,2011,3.0
57819408,Кочевское,2011,3.0
57821000,Кудымкарский муниципальный район,2011,7.0
57821404,Белоевское,2011,4.0
57821444,Степановское,2011,3.0
57825000,Юрлинский муниципальный район,2011,3.0
57825426,Юрлинское,2011,3.0
57827000,Юсьвинский муниципальный район,2011,10.0
57827408,Архангельское,2011,1.0
57827417,Майкорское,2011,3.0
57827421,Пожвинское,2011,2.0
57827428,Юсьвинское,2011,4.0
57851000,Городской округ город Кудымкар,2011,20.0
73602000,Базарносызганский муниципальный район,2011,8.0
73602151,Базарносызганское,2011,4.0
73602425,Папузинское,2011,4.0
73604000,Барышский муниципальный район,2011,69.0
73604101,Барышское,2011,32.0
73604152,Жадовское,2011,4.0
73604154,Измайловское,2011,4.0
73604156,Ленинское,2011,10.0
73604158,Старотимошкинское,2011,13.0
73604420,Живайкинское,2011,1.0
73604450,Малохомутерское,2011,1.0
73604475,Поливановское,2011,4.0
73607000,Вешкаймский муниципальный район,2011,44.0
73607151,Вешкаймское,2011,24.0
73607158,Чуфаровское,2011,6.0
73607410,Бекетовское,2011,3.0
73607440,Ермоловское,2011,4.0
73607450,Каргинское,2011,6.0
73607480,Стемасское,2011,1.0
73610000,Инзенский муниципальный район,2011,23.0
73610101,Инзенское,2011,12.0
73610158,Глотовское,2011,3.0
73610425,Валгусское,2011,1.0
73610455,Оськинское,2011,1.0
73610480,Труслейское,2011,3.0
73610487,Черемушкинское,2011,3.0
73614000,Карсунский муниципальный район,2011,51.0
73614151,Карсунское,2011,12.0
73614158,Языковское,2011,15.0
73614425,Большепоселковское,2011,1.0
73614430,Вальдиватское,2011,6.0
73614450,Новопогореловское,2011,5.0
73614470,Горенское,2011,1.0
73614480,Урено-Карлинское,2011,11.0
73616000,Кузоватовский муниципальный район,2011,23.0
73616151,Кузоватовское,2011,9.0
73616410,Безводовское,2011,6.0
73616420,Еделевское,2011,2.0
73616430,Коромысловское,2011,4.0
73616445,Лесоматюнинское,2011,2.0
73620000,Майнский муниципальный район,2011,184.0
73620151,Майнское,2011,86.0
73620158,Игнатовское,2011,12.0
73620415,Анненковское,2011,1.0
73620420,Выровское,2011,5.0
73620455,Гимовское,2011,7.0
73620460,Старомаклаушинское,2011,1.0
73620470,Тагайское,2011,72.0
73622000,Мелекесский муниципальный район,2011,76.0
73622153,Мулловское,2011,22.0
73622160,Новомайнское,2011,17.0
73622425,Новоселкинское,2011,6.0
73622430,Лебяжинское,2011,11.0
73622441,Николочеремшанское,2011,7.0
73622456,Рязановское,2011,3.0
73622460,Старосахчинское,2011,1.0
73622465,Тиинское,2011,9.0
73625000,Николаевский муниципальный район,2011,28.0
73625151,Николаевское,2011,8.0
73625415,Барановское,2011,1.0
73625425,Головинское,2011,2.0
73625435,Дубровское,2011,1.0
73625439,Канадейское,2011,6.0
73625445,Никулинское,2011,1.0
73625455,Поспеловское,2011,1.0
73625465,Славкинское,2011,8.0
73627000,Новомалыклинский муниципальный район,2011,10.0
73627420,Высококолковское,2011,1.0
73627450,Новомалыклинское,2011,4.0
73627452,Новочеремшанское,2011,4.0
73627460,Среднесантимирское,2011,1.0
73629000,Новоспасский муниципальный район,2011,57.0
73629151,Новоспасское,2011,37.0
73629410,Коптевское,2011,1.0
73629440,Красносельское,2011,4.0
73629450,Садовское,2011,5.0
73629480,Троицкосунгурское,2011,5.0
73629485,Фабричновыселковское,2011,5.0
73632000,Павловский муниципальный район,2011,1.0
73632151,Павловское,2011,1.0
73634000,Радищевский муниципальный район,2011,7.0
73634151,Радищевское,2011,3.0
73634425,Калиновское,2011,1.0
73634440,Октябрьское,2011,3.0
73636000,Сенгилеевский муниципальный район,2011,55.0
73636101,Сенгилеевское,2011,33.0
73636153,Красногуляевское,2011,8.0
73636157,Силикатненское,2011,2.0
73636440,Елаурское,2011,7.0
73636460,Новослободское,2011,1.0
73636480,Тушнинское,2011,4.0
73639000,Старокулаткинский муниципальный район,2011,4.0
73639151,Старокулаткинское,2011,1.0
73639440,Терешанское,2011,1.0
73639445,Староатлашское,2011,2.0
73642000,Старомайнский муниципальный район,2011,29.0
73642151,Старомайнское,2011,7.0
73642425,Жедяевское,2011,3.0
73642430,Краснореченское,2011,6.0
73642435,Прибрежненское,2011,9.0
73642445,Матвеевское,2011,3.0
73642460,Урайкинское,2011,1.0
73644000,Сурский муниципальный район,2011,8.0
73644151,Сурское,2011,2.0
73644410,Астрадамовское,2011,2.0
73644455,Лавинское,2011,1.0
73644460,Никитинское,2011,2.0
73644475,Чеботаевское,2011,1.0
73648000,Тереньгульский муниципальный район,2011,51.0
73648151,Тереньгульское,2011,29.0
73648410,Белогорское,2011,2.0
73648430,Красноборское,2011,4.0
73648435,Михайловское,2011,4.0
73648438,Подкуровское,2011,11.0
73648450,Ясашноташлинское,2011,1.0
73652000,Ульяновский муниципальный район,2011,105.0
73652151,Ишеевское,2011,53.0
73652415,Большеключищенское,2011,13.0
73652420,Зеленорощинское,2011,10.0
73652445,Тимирязевское,2011,13.0
73652465,Тетюшское,2011,9.0
73652470,Ундоровское,2011,7.0
73654000,Цильнинский муниципальный район,2011,32.0
73654154,Цильнинское,2011,15.0
73654415,Большенагаткинское,2011,6.0
73654425,Елховоозерское,2011,7.0
73654445,Мокробугурнинское,2011,2.0
73654455,Новоникулинское,2011,1.0
73654480,Алгашинское,2011,1.0
73656000,Чердаклинский муниципальный район,2011,134.0
73656151,Чердаклинское,2011,23.0
73656406,Октябрьское,2011,13.0
73656410,Белоярское,2011,5.0
73656413,Богдашкинское,2011,12.0
73656415,Бряндинское,2011,11.0
73656425,Красноярское,2011,8.0
73656430,Крестовогородищенское,2011,9.0
73656440,Мирновское,2011,7.0
73656445,Озерское,2011,6.0
73656470,Калмаюрское,2011,40.0
73701000,город Ульяновск,2011,1120.0
73705000,город Димитровград,2011,157.0
73715000,город Новоульяновск,2011,15.0
75603000,Агаповский муниципальный район,2011,54.0
75603407,Агаповское,2011,31.0
75603411,Буранное,2011,12.0
75603422,Желтинское,2011,3.0
75603433,Магнитное,2011,4.0
75603436,Наровчатское,2011,2.0
75603444,Первомайское,2011,2.0
75606000,Аргаяшский муниципальный район,2011,15.0
75606412,Аргаяшское,2011,4.0
75606440,Дербишевское,2011,1.0
75606445,Ишалинское,2011,2.0
75606450,Камышевское,2011,1.0
75606460,Кузнецкое,2011,1.0
75606470,Кулуевское,2011,2.0
75606480,Норкинское,2011,3.0
75606490,Худайбердинское,2011,1.0
75609000,Ашинский муниципальный район,2011,82.0
75609101,Ашинское,2011,46.0
75609103,Миньярское,2011,18.0
75609105,Симское,2011,11.0
75609153,Кропачевское,2011,4.0
75609477,Укское,2011,3.0
75612000,Брединский муниципальный район,2011,44.0
75612406,Амурское,2011,3.0
75612410,Андреевское,2011,1.0
75612420,Белокаменское,2011,3.0
75612432,Брединское,2011,27.0
75612440,Калининское,2011,2.0
75612450,Княженское,2011,1.0
75612460,Комсомольское,2011,3.0
75612480,Павловское,2011,4.0
75614000,Варненский муниципальный район,2011,41.0
75614405,Алексеевское,2011,2.0
75614410,Аятское,2011,5.0
75614415,Бородиновское,2011,3.0
75614420,Варненское,2011,20.0
75614422,Казановское,2011,1.0
75614425,Краснооктябрьское,2011,2.0
75614430,Кулевчинское,2011,1.0
75614440,Николаевское,2011,2.0
75614445,Новоуральское,2011,2.0
75614450,Покровское,2011,2.0
75614455,Толстинское,2011,1.0
75617000,Верхнеуральский муниципальный район,2011,39.0
75617101,Верхнеуральское,2011,12.0
75617153,Межозерное,2011,8.0
75617422,Карагайское,2011,1.0
75617433,Кирсинское,2011,1.0
75617444,Краснинское,2011,1.0
75617455,Петропавловское,2011,6.0
75617466,Спасское,2011,6.0
75617477,Степное,2011,2.0
75617479,Сурменевское,2011,1.0
75617488,Форштадтское,2011,1.0
75619000,Еманжелинский муниципальный район,2011,113.0
75619101,Еманжелинское,2011,84.0
75619152,Зауральское,2011,9.0
75619154,Красногорское,2011,20.0
75620000,Еткульский муниципальный район,2011,78.0
75620408,Бектышское,2011,7.0
75620410,Белоносовское,2011,12.0
75620412,Белоусовское,2011,2.0
75620420,Еманжелинское,2011,8.0
75620430,Еткульское,2011,18.0
75620440,Каратабанское,2011,7.0
75620450,Коелгинское,2011,9.0
75620465,Новобатуринское,2011,5.0
75620470,Печенкинское,2011,6.0
75620480,Пискловское,2011,2.0
75620490,Селезянское,2011,2.0
75623000,Карталинский муниципальный район,2011,97.0
75623101,Карталинское,2011,66.0
75623405,Анненское,2011,3.0
75623410,Варшавское,2011,4.0
75623415,Великопетровское,2011,2.0
75623420,Еленинское,2011,1.0
75623425,Мичуринское,2011,2.0
75623430,Новокаолиновое,2011,3.0
75623435,Полтавское,2011,3.0
75623440,Снежненское,2011,3.0
75623445,Сухореченское,2011,6.0
75623450,Южно-Степное,2011,4.0
75626000,Каслинский муниципальный район,2011,55.0
75626101,Каслинское,2011,34.0
75626153,Вишневогорское,2011,6.0
75626410,Береговое,2011,2.0
75626415,Булзинское,2011,1.0
75626425,Григорьевское,2011,6.0
75626440,Тюбукское,2011,6.0
75629000,Катав-Ивановский муниципальный район,2011,10.0
75629101,Катав-Ивановское,2011,5.0
75629116,Юрюзанское,2011,5.0
75632000,Кизильский муниципальный район,2011,10.0
75632430,Зингейское,2011,1.0
75632446,Кацбахское,2011,1.0
75632450,Кизильское,2011,3.0
75632458,Новопокровское,2011,1.0
75632460,Обручевское,2011,2.0
75632470,Полоцкое,2011,2.0
75633000,Коркинский муниципальный район,2011,108.0
75633101,Коркинское,2011,55.0
75633154,Первомайское Коркинского муниципального района,2011,8.0
75633156,Розинское,2011,45.0
75634000,Красноармейский муниципальный район,2011,82.0
75634405,Алабугское,2011,4.0
75634408,Баландинское,2011,7.0
75634410,Березовское,2011,2.0
75634415,Бродокалмакское,2011,9.0
75634417,Дубровское,2011,2.0
75634420,Канашевское,2011,12.0
75634425,Козыревское,2011,10.0
75634430,Лазурненское,2011,3.0
75634435,Луговское,2011,1.0
75634440,Миасское,2011,12.0
75634445,Озерное,2011,12.0
75634450,Русско-Теченское,2011,1.0
75634457,Теренкульское,2011,1.0
75634460,Шумовское,2011,6.0
75636000,Кунашакский муниципальный район,2011,37.0
75636410,Ашировское,2011,1.0
75636420,Буринское,2011,2.0
75636430,Кунашакское,2011,4.0
75636440,Куяшское,2011,2.0
75636450,Муслюмовское,2011,23.0
75636490,Халитовское,2011,5.0
75638000,Кусинский муниципальный район,2011,20.0
75638101,Кусинское,2011,8.0
75638153,Магнитское,2011,6.0
75638411,Злоказовское,2011,3.0
75638422,Медведевское,2011,1.0
75638433,Петрозаводское,2011,2.0
75642000,Нагайбакский муниципальный район,2011,8.0
75642410,Арсинское,2011,2.0
75642420,Балканское,2011,1.0
75642440,Куликовское,2011,2.0
75642470,Парижское,2011,1.0
75642490,Фершампенуазское,2011,2.0
75644000,Нязепетровский муниципальный район,2011,3.0
75644101,Нязепетровское,2011,2.0
75644433,Ункурдинское,2011,1.0
75647000,Октябрьский муниципальный район,2011,43.0
75647403,Барсучанское,2011,1.0
75647410,Каракульское,2011,2.0
75647415,Кочердыкское,2011,1.0
75647420,Крутоярское,2011,4.0
75647430,Маякское,2011,10.0
75647440,Никольское,2011,3.0
75647445,Октябрьское,2011,17.0
75647450,Подовинное,2011,4.0
75647460,Уйско-Чебаркульское,2011,1.0
75648000,Пластовский муниципальный район,2011,78.0
75648101,Пластовское,2011,62.0
75648403,Борисовское,2011,3.0
75648406,Демаринское,2011,9.0
75648420,Степнинское,2011,4.0
75649000,Саткинский муниципальный район,2011,78.0
75649101,Саткинское,2011,41.0
75649103,Бакальское,2011,16.0
75649153,Бердяушское,2011,9.0
75649158,Межевое,2011,3.0
75649162,Сулеинское,2011,4.0
75649411,Айлинское,2011,5.0
75652000,Сосновский муниципальный район,2011,322.0
75652405,Алишевское,2011,3.0
75652408,Вознесенское,2011,4.0
75652410,Долгодеревенское,2011,65.0
75652415,Есаульское,2011,7.0
75652420,Краснопольское,2011,9.0
75652425,Кременкульское,2011,76.0
75652430,Мирненское,2011,16.0
75652432,Новый Кременкуль,2011,1.0
75652434,Полетаевское,2011,26.0
75652435,Рощинское,2011,36.0
75652440,Саккуловское,2011,20.0
75652445,Саргазинское,2011,33.0
75652450,Солнечное,2011,7.0
75652452,Теченское,2011,16.0
75652455,Томинское,2011,3.0
75654000,Троицкий муниципальный район,2011,15.0
75654405,Белозерское,2011,3.0
75654410,Бобровское,2011,3.0
75654415,Дробышевское,2011,1.0
75654422,Карсинское,2011,2.0
75654425,Ключевское,2011,2.0
75654435,Кособродское,2011,1.0
75654440,Нижнесанарское,2011,2.0
75654465,Яснополянское,2011,1.0
75655000,Увельский муниципальный район,2011,65.0
75655411,Каменское,2011,7.0
75655422,Кичигинское,2011,14.0
75655433,Красносельское,2011,7.0
75655444,Петровское,2011,3.0
75655455,Половинское,2011,7.0
75655466,Рождественское,2011,2.0
75655472,Увельское,2011,17.0
75655477,Хомутининское,2011,7.0
75655488,Хуторское,2011,1.0
75656000,Уйский муниципальный район,2011,7.0
75656422,Беловское,2011,1.0
75656444,Кидышевское,2011,2.0
75656455,Ларинское,2011,1.0
75656460,Масловское,2011,1.0
75656477,Соколовское,2011,1.0
75656488,Уйское,2011,1.0
75657000,Чебаркульский муниципальный район,2011,46.0
75657411,Бишкильское,2011,11.0
75657415,Варламовское,2011,1.0
75657425,Кундравинское,2011,6.0
75657440,Непряхинское,2011,2.0
75657450,Сарафановское,2011,2.0
75657455,Тимирязевское,2011,4.0
75657460,Травниковское,2011,17.0
75657470,Филимоновское,2011,3.0
75659000,Чесменский муниципальный район,2011,17.0
75659420,Светловское,2011,2.0
75659440,Новоукраинское,2011,1.0
75659442,Редутовское,2011,1.0
75659445,Тарасовское,2011,2.0
75659470,Цвиллингское,2011,4.0
75659480,Черноборское,2011,1.0
75659490,Чесменское,2011,6.0
75701000,Челябинский,2011,3130.0
75706000,Верхнеуфалейский,2011,9.0
75712000,Златоустовский,2011,284.0
75715000,Карабашский,2011,1.0
75728000,Копейский,2011,302.0
75734000,Кыштымский,2011,29.0
75738000,Магнитогорский,2011,1278.0
75742000,Миасский,2011,232.0
75752000,Троицкий,2011,35.0
75755000,Усть-Катавский,2011,21.0
75758000,Чебаркульский,2011,105.0
75764000,Южноуральский,2011,53.0
86604101,Беломорское,2011,1.0
86604409,Летнереченское,2011,1.0
86609151,Калевальское,2011,1.0
86610101,Сортавальское,2011,45.0
86610101,Сортавальское,2011,4.0
86610160,Вяртсильское,2011,2.0
86610165,Хелюльское,2011,3.0
86610165,Хелюльское,2011,1.0
86610405,Хаапалампинское,2011,4.0
86610411,Кааламское,2011,3.0
86612460,Рабочеостровское,2011,1.0
86615101,Кондопожское,2011,7.0
86615425,Кедрозерское,2011,1.0
86615430,Новинское,2011,4.0
86618101,Лахденпохское,2011,14.0
86618411,Куркиёкское,2011,1.0
86618422,Мийнальское,2011,3.0
86618450,Элисенваарское,2011,1.0
86621170,Чупинское,2011,1.0
86624101,Медвежьегорское,2011,10.0
86624155,Пиндушское,2011,6.0
86624155,Пиндушское,2011,2.0
86624160,Повенецкое,2011,1.0
86624450,Толвуйское,2011,3.0
86624455,Чёбинское,2011,1.0
86627430,Лендерское,2011,2.0
86627460,Ругозерское,2011,1.0
86627465,Суккозерское,2011,1.0
86630101,Олонецкое,2011,5.0
86630410,Видлицкое,2011,1.0
86633101,Питкярантское,2011,18.0
86633101,Питкярантское,2011,3.0
86633405,Импилахтинское,2011,1.0
86633409,Ляскельское,2011,5.0
86633420,Салминское,2011,6.0
86636410,Гарнизонное,2011,12.0
86636411,Нововилговское,2011,42.0
86636420,Деревянкское,2011,4.0
86636422,Деревянское,2011,13.0
86636433,Заозерское,2011,18.0
86636436,Ладва-Веткинское,2011,1.0
86636438,Ладвинское,2011,5.0
86636440,Мелиоративное,2011,18.0
86636470,Шуйское,2011,19.0
86636475,Шелтозерское вепсское,2011,10.0
86636476,Шокшинское вепсское,2011,2.0
86639151,Пряжинское,2011,9.0
86639405,Ведлозерское,2011,2.0
86639425,Крошнозерское,2011,1.0
86639435,Матросское,2011,3.0
86639458,Чалнинское,2011,17.0
86639460,Эссойльское,2011,7.0
86642101,Пудожское,2011,4.0
86642420,Кривецкое,2011,1.0
86642442,Пяльмское,2011,1.0
86645101,Сегежское,2011,17.0
86645160,Надвоицкое,2011,5.0
86645411,Валдайское,2011,1.0
86645420,Идельское,2011,4.0
86645444,Поповпорожское,2011,1.0
86650101,Суоярвское,2011,8.0
86650435,Лоймольское,2011,3.0
86650437,Найстенъярвское,2011,3.0
86650443,Поросозерское,2011,3.0
86701000,Петрозаводский,2011,702.0
86706000,Костомукшский,2011,58.0
88604000,Волжский муниципальный район,2011,15.0
88604159,Приволжский,2011,3.0
88604405,Большепаратское,2011,6.0
88604418,Карамасское,2011,1.0
88604424,Обшиярское,2011,3.0
88604435,Петъяльское,2011,2.0
88608000,Горномарийский муниципальный район,2011,8.0
88608420,Виловатовское,2011,1.0
88608425,Еласовское,2011,1.0
88608435,Озеркинское,2011,2.0
88608445,Кузнецовское,2011,2.0
88608455,Пайгусовское,2011,1.0
88608470,Усолинское,2011,1.0
88612000,Звениговский муниципальный район,2011,20.0
88612101,Звенигово,2011,9.0
88612162,Красногорский,2011,3.0
88612184,Суслонгер,2011,2.0
88612405,Исменецкое,2011,1.0
88612420,Кокшамарское,2011,1.0
88612425,Красноярское,2011,1.0
88612430,Кужмарское,2011,1.0
88612445,Шелангерское,2011,2.0
88616000,Килемарский муниципальный район,2011,19.0
88616151,Килемары,2011,10.0
88616415,Визимьярское,2011,6.0
88616488,Широкундышское,2011,3.0
88620000,Куженерский муниципальный район,2011,3.0
88620151,Куженер,2011,2.0
88620460,Салтакъяльское,2011,1.0
88624000,Мари-Турекский муниципальный район,2011,3.0
88624151,Мари-Турек,2011,2.0
88624410,Косолаповское,2011,1.0
88628000,Медведевский муниципальный район,2011,79.0
88628151,Медведево,2011,36.0
88628160,Краснооктябрьский,2011,5.0
88628407,Азяковское,2011,5.0
88628410,Ежовское,2011,1.0
88628412,Знаменское,2011,3.0
88628417,Куярское,2011,9.0
88628418,Кузнецовское,2011,1.0
88628419,Кундышское,2011,8.0
88628420,Люльпанское,2011,1.0
88628425,Пекшиксолинское,2011,3.0
88628430,Нурминское,2011,1.0
88628442,Руэмское,2011,1.0
88628450,Сидоровское,2011,2.0
88628470,Шойбулакское,2011,1.0
88628480,Юбилейное,2011,1.0
88632000,Моркинский муниципальный район,2011,7.0
88632151,Морки,2011,1.0
88632425,Коркатовское,2011,1.0
88632445,Октябрьское,2011,1.0
88632455,Себеусадское,2011,1.0
88632470,Шалинское,2011,1.0
88632480,Шоруньжинское,2011,2.0
88636000,Новоторъяльский муниципальный район,2011,5.0
88636151,Новый Торъял,2011,2.0
88636435,Пектубаевское,2011,3.0
88640000,Оршанский муниципальный район,2011,4.0
88640151,Оршанка,2011,2.0
88640420,Марковское,2011,1.0
88644000,Параньгинский муниципальный район,2011,1.0
88644151,Параньга,2011,1.0
88648000,Сернурский муниципальный район,2011,1.0
88648455,Верхнекугенерское,2011,1.0
88652000,Советский муниципальный район,2011,14.0
88652151,Советский,2011,8.0
88652410,Алексеевское,2011,1.0
88652430,Вятское,2011,4.0
88652490,Ронгинское,2011,1.0
88656000,Юринский муниципальный район,2011,6.0
88656151,Юрино,2011,3.0
88656466,Марьинское,2011,1.0
88656477,Юркинское,2011,1.0
88701000,город Йошкар-Ола,2011,404.0
88705000,город Волжск,2011,57.0
88715000,город Козьмодемьянск,2011,12.0
93610000,Барун-Хемчикский муниципальный район,2011,1.0
93622000,Кызылский муниципальный район,2011,12.0
93640000,Тандинский муниципальный район,2011,2.0
93645000,Тес-Хемский муниципальный район,2011,1.0
93654000,Улуг-Хемский муниципальный район,2011,1.0
93701000,город Кызыл,2011,41.0
93703000,город Ак-Довурак,2011,1.0
